<?xml version="1.0" encoding="UTF-8"?>
<!-- <beans xmlns="http://www.springframework.org/schema/beans"
	xmlns:xsi="http://www.w3.org/2001/XMLSchema-instance"
	xsi:schemaLocation="http://www.springframework.org/schema/beans https://www.springframework.org/schema/beans/spring-beans.xsd"> -->
<beans xmlns="http://www.springframework.org/schema/beans"   
   xmlns:xsi="http://www.w3.org/2001/XMLSchema-instance"
   xsi:schemaLocation="http://mybatis.org/schema/mybatis-spring http://mybatis.org/schema/mybatis-spring.xsd
   http://www.springframework.org/schema/beans https://www.springframework.org/schema/beans/spring-beans.xsd"
   xmlns:mybatis-spring="http://mybatis.org/schema/mybatis-spring">
	
	<!-- Root Context: defines shared resources visible to all other web components -->
	
	<!-- Hikari CP에서 만든 객체들은 여기에 정리 -->
	<!-- bean: 객체를 생성하는 태그 -->
	
	<!-- Hikari CP 환경설정, MySQL ver.5 이상부터 설정 추가
	     com.zaxxer.hikari.HikariConfig.class -->
	     
	<!-- <bean id="hikariConfig" class="com.zaxxer.hikari.HikariConfig">
	    <property name="driverClassName" value="com.mysql.jdbc.Driver"></property>
	    <property name="jdbcUrl" value="jdbc:mysql://project-db-campus.smhrd.com:3312/project-db-campus.smhrd.com?useSSL=false&amp;serverTimezone=UTC"></property>
	    <property name="username" value="sc_21K_bigdata11_p3_1"></property>
	    <property name="password" value="smhrd1"></property>
	</bean> -->
	
	<bean id="hikariConfig" class="com.zaxxer.hikari.HikariConfig">
	    <property name="driverClassName" value="com.mysql.cj.jdbc.Driver"></property>
	    <property name="jdbcUrl" value="jdbc:mysql://project-db-campus.smhrd.com:3312/sc_21K_bigdata11_p3_1?useSSL=false&amp;serverTimezone=UTC"></property>
	    <property name="username" value="sc_21K_bigdata11_p3_1"></property>
	    <property name="password" value="smhrd1"></property>
	</bean>
	
	<!-- hikariConfig 생성되면 써먹을 수 있도록 HikariDataSource 객체 생성
	                                            (커넥션 풀 생성)
	     com.zaxxer.hikari.HikariDataSource.class -->
	<bean id="dataSource" class="com.zaxxer.hikari.HikariDataSource" destroy-method="close">
	    <constructor-arg ref="hikariConfig"/>
	</bean>
	     
	<!-- MyBatis가 Connection Pool과 연결, SQL문 실행할 수 있도록 하는 SqlSessionFactoryBean
	     org.mybatis.spring.SqlSessionFactoryBean.class -->
	<bean id="sqlSessionFactory" class="org.mybatis.spring.SqlSessionFactoryBean">
	    <property name="dataSource" ref="dataSource"></property>
	</bean>
	
	<!-- 만들어둔 커넥션 풀과 MyBatis를 사용할 수 있도록
	     Mapper 인터페이스를 메모리에 올리는 과정(scan) -->
	<mybatis-spring:scan base-package="com.smhrd.mapper"/>

		
</beans>
